Sample_ID,DArT_ID,Full_name,NCBI_Bioproject,SRA_Accession,Total_amount_ng,Conc_ul,Volume_ul,Remark,latitude,longitude,sampling_date,Original_source,Average_read_depth_per_base,Notes,pop3,pop3_abb,Removed,Stuart_et_al_2024,SV_genotype_insertion_no,SV_notes,Superscaffold_chr8_20673781_A_G,Superscaffold_chr8_20677064_A_C,Superscaffold_chr8_20694395_A_G
J718,M0006,NZ_LEI-06_M0006,PRJNA1054049,SAMN38881514,2.24211286,101.9142209,22,NA,-36.283833,174.794831,2017-2020,NZ collaborators,17.2335,NA,Leigh,Leigh,No,Yes,2,,0,0,0
J719,M0007,NZ_LEI-07_M0007,PRJNA1054049,SAMN38881515,3.1033473086000005,141.0612413,22,NA,-36.283833,174.794831,2017-2020,NZ collaborators,17.9555,NA,Leigh,Leigh,No,Yes,2,,0,0,0
J720,M0008,NZ_LEI-08_M0008,PRJNA1054049,SAMN38881516,2.825190735,128.4177607,22,NA,-36.283833,174.794831,2017-2020,NZ collaborators,18.7415,NA,Leigh,Leigh,No,Yes,2,,0,0,0
J721,M0009,NZ_LEI-09_M0009,PRJNA1054049,SAMN38881517,3.260987008,148.2266822,22,NA,-36.283833,174.794831,2017-2020,NZ collaborators,17.0122,NA,Leigh,Leigh,No,Yes,2,,0,0,0
J722,M0010,NZ_LEI-10_M0010,PRJNA1054049,SAMN38881518,3.262725961,148.3057255,22,NA,-36.283833,174.794831,2017-2020,NZ collaborators,17.562,NA,Leigh,Leigh,No,Yes,2,,0,0,0
J723,M0013,NZ_LEI-13_M0013,PRJNA1054049,SAMN38881519,1.716193553,78.00879786,22,NA,-36.283833,174.794831,2017-2020,NZ collaborators,17.0525,NA,Leigh,Leigh,No,Yes,1,,0,0,1
J724,M0018,NZ_LEI-18_M0018,PRJNA1054049,SAMN38881520,1.6071688776000002,73.0531308,22,NA,-36.283833,174.794831,2017-2020,NZ collaborators,18.0139,NA,Leigh,Leigh,No,Yes,2,,0,0,0
J725,M0019,NZ_LEI-19_M0019,PRJNA1054049,SAMN38881521,1.968795106,89.49068665,22,NA,-36.283833,174.794831,2017-2020,NZ collaborators,17.7949,NA,Leigh,Leigh,No,Yes,2,,0,0,0
J726,M0153,NZ_NAP-03_M0153,pending,pending,3.1583132861367997,143.5596948,22,degraded,-39.371174,176.81165,2017-2020,NZ collaborators,18.9703,NA,Napier,Napier,No,No,2,,0,0,0
J727,M0154,NZ_NAP-04_M0154,pending,pending,1.7837102206351998,81.0777373,22,NA,-39.371174,176.81165,2017-2020,NZ collaborators,21.1157,NA,Napier,Napier,No,No,2,,0,0,0
J728,M0155,NZ_NAP-05_M0155,pending,pending,1.547893326,70.35878755,22,NA,-39.371174,176.81165,2017-2020,NZ collaborators,18.3148,NA,Napier,Napier,No,No,2,,NA,0,0
J729,M0156,NZ_NAP-06_M0156,pending,pending,1.7869613031820002,81.22551378,22,NA,-39.371174,176.81165,2017-2020,NZ collaborators,20.8313,NA,Napier,Napier,No,No,2,,0,0,0
J730,M0157,NZ_NAP-07_M0157,pending,pending,1.761255069,80.05704859,22,NA,-39.371174,176.81165,2017-2020,NZ collaborators,18.7124,NA,Napier,Napier,No,No,2,2 split reads but do not span the SV region.,0,0,0
J731,M0158,NZ_NAP-08_M0158,PRJNA1054049,SAMN38881522,1.5410887346228002,70.04948794,22,NA,-39.371174,176.81165,2017-2020,NZ collaborators,22.5546,NA,Napier,Napier,No,Yes,2,,0,0,0
J732,M0159,NZ_NAP-09_M0159,pending,pending,1.532167159,69.64396178,22,NA,-39.371174,176.81165,2017-2020,NZ collaborators,19.2041,NA,Napier,Napier,No,No,2,,0,0,0
J733,M0160,NZ_NAP-10_M0160,pending,pending,2.5473365867047995,115.7880267,22,NA,-39.371174,176.81165,2017-2020,NZ collaborators,20.4461,NA,Napier,Napier,No,No,2,,0,0,0
J734,M0125,NZ_GBI-05_M0125,pending,pending,1.393655921,63.34799643,22,NA,-36.257,175.4349646,2017-2020,NZ collaborators,20.8142,NA,Great Barrier Island,Great_Barrier_Island,No,No,2,,0,0,0
J735,M0126,NZ_GBI-06_M0126,PRJNA1054049,SAMN38881523,1.652154787,75.09794488,22,NA,-36.257,175.4349646,2017-2020,NZ collaborators,22.0009,NA,Great Barrier Island,Great_Barrier_Island,No,Yes,2,,0,0,0
J736,M0131,NZ_GBI-11r_M0131,pending,pending,2.195766032,99.80754691,22,NA,-36.257,175.4349646,2017-2020,NZ collaborators,21.5532,NA,Great Barrier Island,Great_Barrier_Island,No,No,2,,0,0,0
J737,M0133,NZ_GBI-13_M0133,pending,pending,1.911938965,86.90631659,22,NA,-36.257,175.4349646,2017-2020,NZ collaborators,22.2049,NA,Great Barrier Island,Great_Barrier_Island,No,No,2,,0,0,0
J738,M0134,NZ_GBI-14_M0134,pending,pending,1.974843632,89.76561963,22,NA,-36.257,175.4349646,2017-2020,NZ collaborators,21.2243,NA,Great Barrier Island,Great_Barrier_Island,No,No,1,3 split reads,0,0,1
J739,M0135,NZ_GBI-15_M0135,pending,pending,1.767681628,80.34916489,22,NA,-36.257,175.4349646,2017-2020,NZ collaborators,21.1572,NA,Great Barrier Island,Great_Barrier_Island,No,No,2,,0,0,0
J740,M0138,NZ_GBI-18_M0138,pending,pending,2.057179188,93.50814489,22,NA,-36.257,175.4349646,2017-2020,NZ collaborators,22.4421,NA,Great Barrier Island,Great_Barrier_Island,No,No,2,,0,0,0
J741,M0139,NZ_GBI-19_M0139,pending,pending,1.9886796343392001,90.39452883,22,NA,-36.257,175.4349646,2017-2020,NZ collaborators,20.7841,NA,Great Barrier Island,Great_Barrier_Island,No,No,2,,0,0,0
J742,M0210,IND_MA_976_M0210,pending,pending,1.911409719,86.88225995,22,degraded,18.93333333,72.85,1975,ROM,19.2992,NA,Maharashtra subpopulation A,Maharashtra_subpopulation_A,No,No,2,,0,0,0
J743,M0211,IND_MA_977_M0211,pending,pending,1.887291223,85.78596467,22,degraded,18.93333333,72.85,1975,ROM,18.8313,NA,Maharashtra subpopulation A,Maharashtra_subpopulation_A,No,No,2,,0,0,0
J744,M0212,IND_MA_978_M0212,pending,pending,0.55,25,22,degraded,18.93333333,72.85,1975,ROM,20.1034,NA,Maharashtra subpopulation A,Maharashtra_subpopulation_A,No,No,2,,0,0,0
J745,M0213,IND_MA_979_M0213,PRJNA1054049,SAMN38881509,0.66,30,22,degraded,18.93333333,72.85,1975,ROM,21.1765,NA,Maharashtra subpopulation A,Maharashtra_subpopulation_A,No,Yes,1,> 4 split reads,0,0,1
J746,M0214,IND_MA_980_M0214,pending,pending,0.748,34,22,degraded,18.93333333,72.85,1975,ROM,20.0115,NA,Maharashtra subpopulation A,Maharashtra_subpopulation_A,No,No,2,,0,0,0
J747,M0215,IND_MA_981_M0215,pending,pending,0.616,28,22,degraded,18.93333333,72.85,1975,ROM,19.7232,NA,Maharashtra subpopulation A,Maharashtra_subpopulation_A,No,No,2,,0,0,0
J748,M0307,IND_MA_3731_M0307,PRJNA1054049,SAMN38881510,1.4059797924259998,63.90817238,22,NA,18.93333333,72.85,1983,ROM,20.0034,NA,Maharashtra,Maharashtra,No,Yes,0,"2 split reads, but coverage drops to zero at certain spots",1,1,1
J749,M0308,IND_MA_3732_M0308,pending,pending,0.462,21,22,NA,18.93333333,72.85,1983,ROM,19.3356,NA,Maharashtra,Maharashtra,No,No,0,,2,1,2
J750,M0309,IND_MA_3733_M0309,pending,pending,1.408,64,22,NA,18.93333333,72.85,1983,ROM,21.8858,NA,Maharashtra,Maharashtra,No,No,1,2 or 3 split reads. Coverage spans entire region.,1,1,2
J751,M0310,IND_MA_3734_M0310,pending,pending,0.462,21,22,NA,18.93333333,72.85,1983,ROM,21.0459,NA,Maharashtra,Maharashtra,No,No,0,,2,2,2
J752,M0311,IND_MA_3735_M0311,pending,pending,1.94467661,88.39439137,22,NA,18.93333333,72.85,1983,ROM,22.5678,NA,Maharashtra,Maharashtra,No,No,1,At least 2 split reads. Coverage spans entire region.,0,1,1
J753,M0298,IND_TN_3695_M0298,PRJNA1054049,SAMN38881494,0.418,19,22,Low input ng,12.7,80.01666667,1983,ROM,21.6035,NA,Tamil Nadu,Tamil_Nadu,No,Yes,0,Multiple split reads. Coverage drops to zero within the region.,2,2,2
J754,M0299,IND_TN_3696_M0299,PRJNA1054049,SAMN38881495,0.528,24,22,NA,12.7,80.01666667,1983,ROM,21.4241,NA,Tamil Nadu,Tamil_Nadu,No,Yes,0,Multiple split reads. Coverage drops to zero within the region.,2,2,2
J755,M0300,IND_TN_3697_M0300,PRJNA1054049,SAMN38881496,1.90762939,86.71042683,22,NA,12.7,80.01666667,1983,ROM,22.3533,NA,Tamil Nadu,Tamil_Nadu,No,Yes,0,Multiple split reads. Coverage drops to zero within the region.,2,2,2
J756,M0302,IND_TN_3699_M0302,PRJNA1054049,SAMN38881497,2.091202144,95.05464293,22,NA,12.7,80.01666667,1983,ROM,20.1794,NA,Tamil Nadu,Tamil_Nadu,No,Yes,0,Multiple split reads. Coverage drops to zero within the region.,2,2,2
J757,M0303,IND_TN_3700_M0303,PRJNA1054049,SAMN38881498,3.5050450202767998,159.3202282,22,NA,12.7,80.01666667,1983,ROM,21.2972,NA,Tamil Nadu,Tamil_Nadu,No,Yes,0,Multiple split reads. Coverage drops to zero within the region.,2,2,2
J758,M0304,IND_TN_3701_M0304,PRJNA1054049,SAMN38881499,2.165977043,98.45350196,22,NA,12.7,80.01666667,1983,ROM,19.3469,NA,Tamil Nadu,Tamil_Nadu,No,Yes,0,Multiple split reads. Coverage drops to zero within the region.,2,2,2
J759,M0305,IND_TN_3710_M0305,PRJNA1054049,SAMN38881500,1.876933123,85.31514193,22,NA,12.7,80.01666667,1983,ROM,21.5207,NA,Tamil Nadu,Tamil_Nadu,No,Yes,0,Multiple split reads. Coverage drops to zero within the region.,2,2,2
J760,M0306,IND_TN_3711_M0306,PRJNA1054049,SAMN38881501,3.885724105,176.6238229,22,NA,12.7,80.01666667,1983,ROM,21.8322,NA,Tamil Nadu,Tamil_Nadu,No,Yes,0,Multiple split reads. Coverage drops to zero within the region.,2,2,2
J761,M0317,IND_MP_3751_M0317,PRJNA1054049,SAMN38881502,0.831861296,37.81187711,22,NA,23.28333333,77.46666667,1982,ROM,21.6006,NA,Madhya Pradesh,Madhya_Pradesh,No,Yes,1,At least 3 split reads. Coverage spans entire region.,1,1,2
J762,M0318,IND_MP_3752_M0318,PRJNA1054049,SAMN38881503,1.2617980617220002,57.35445735,22,NA,23.28333333,77.46666667,1982,ROM,21.1269,NA,Madhya Pradesh,Madhya_Pradesh,No,Yes,2,,0,0,0
J763,M0319,IND_MP_3753_M0319,PRJNA1054049,SAMN38881504,0.992827686,45.12853117,22,NA,23.28333333,77.46666667,1982,ROM,20.8692,NA,Madhya Pradesh,Madhya_Pradesh,No,Yes,0,Multiple split reads. Coverage drops to zero within the region.,2,2,2
J764,M0320,IND_MP_3754_M0320,PRJNA1054049,SAMN38881505,0.8428998556594001,38.3136298,22,NA,23.28333333,77.46666667,1982,ROM,20.446,NA,Madhya Pradesh,Madhya_Pradesh,No,Yes,2,One split read across region. Coverage spans entire region.,1,1,0
J766,M0322,IND_MP_3756_M0322,PRJNA1054049,SAMN38881506,1.220743694,55.48834971,22,NA,23.28333333,77.46666667,1982,ROM,21.8525,NA,Madhya Pradesh,Madhya_Pradesh,No,Yes,1,At least 3 split reads. Coverage spans entire region.,1,1,2
J767,M0323,IND_MP_3757_M0323,PRJNA1054049,SAMN38881507,0.55,25,22,NA,23.28333333,77.46666667,1982,ROM,22.4471,NA,Madhya Pradesh,Madhya_Pradesh,No,Yes,0,Multiple split reads. Coverage drops to zero within the region.,2,1,1
J768,M0324,IND_MP_3758_M0324,PRJNA1054049,SAMN38881508,0.602281944,27.37645199,22,NA,23.28333333,77.46666667,1982,ROM,21.1552,NA,Madhya Pradesh,Madhya_Pradesh,No,Yes,2,,0,0,0
J769,11609,AUS_CAI_11609,pending,pending,4.691690150532001,213.2586432,22,some smearing,-17.01902,145.7477,2014-2015,Australian Museum,21.8885,NA,Cairns,Cairns,No,No,2,,0,0,0
J770,11610,AUS_CAI_11610,pending,pending,3.347707746,152.1685339,22,some smearing,-17.01902,145.7477,2014-2015,Australian Museum,21.6565,NA,Cairns,Cairns,No,No,2,,0,0,0
J771,11612,AUS_CAI_11612,pending,pending,3.204357688,145.6526222,22,some smearing,-17.01902,145.7477,2014-2015,Australian Museum,20.8058,NA,Cairns,Cairns,No,No,2,,0,0,0
J772,11626,AUS_CAI_11626,pending,pending,6.3401281586280005,288.1876436,22,degraded,NA,NA,2014-2015,Australian Museum,18.9983,Origin of sample was unclear and does not cluster with samples from Cairns in a PCA. Sample was ommited in Ewart et al. (2019),Cairns?,Cairns?,Yes,No,NA,,NA,NA,NA
J773,11606,AUS_CAI_11606,PRJNA1054049,SAMN38881513,4.758072719796001,216.2760327,22,degraded,-17.01902,145.7477,2014-2015,Australian Museum,23.5772,NA,Cairns,Cairns,No,Yes,2,,0,0,0
J774,11607,AUS_CAI_11607,pending,pending,4.568905079,207.6775036,22,degraded,-17.01902,145.7477,2014-2015,Australian Museum,21.5703,NA,Cairns,Cairns,No,No,2,,0,0,0
J775,11601,AUS_CAI_11601,pending,pending,4.3321809059056005,196.9173139,22,degraded,-16.93105,145.73188,2014-2015,Australian Museum,19.1419,NA,Cairns,Cairns,No,No,2,,0,0,0
J776,11621,AUS_CAI_11621,pending,pending,4.581985016,208.2720462,22,degraded,-16.93105,145.73188,2014-2015,Australian Museum,19.7721,NA,Cairns,Cairns,No,No,2,,0,0,0
J777,12402,AUS_MEL_12402,pending,pending,2.115698673,96.16812152,22,degraded,-37.77176,145.03447,2014-2015,Australian Museum,20.1106,NA,Melbourne,Melbourne,No,No,2,,0,0,0
J778,12416,AUS_MEL_12416,pending,pending,3.621608028,164.6185467,22,degraded,-37.77176,145.03447,2014-2015,Australian Museum,19.9819,NA,Melbourne,Melbourne,No,No,2,,NA,0,0
J779,12417,AUS_MEL_12417,pending,pending,1.4524628219067999,66.02103736,22,degraded,-37.77176,145.03447,2014-2015,Australian Museum,20.0062,NA,Melbourne,Melbourne,No,No,2,,0,0,0
J780,12414,AUS_MEL_12414,pending,pending,2.287138194,103.960827,22,degraded,-37.77176,145.03447,2014-2015,Australian Museum,21.1621,NA,Melbourne,Melbourne,No,No,2,,0,0,0
J781,12413,AUS_MEL_12413,pending,pending,4.076857516,185.3117053,22,degraded,-37.77176,145.03447,2014-2015,Australian Museum,22.4641,NA,Melbourne,Melbourne,No,No,2,,0,0,0
J782,12407,AUS_MEL_12407,pending,pending,3.4795656058856004,158.162073,22,degraded,-37.77176,145.03447,2014-2015,Australian Museum,22.5117,NA,Melbourne,Melbourne,No,No,2,,0,0,0
J783,12408,AUS_MEL_12408,PRJNA1054049,SAMN38881512,2.809615781,127.7098082,22,degraded,-37.77176,145.03447,2014-2015,Australian Museum,21.6876,NA,Melbourne,Melbourne,No,Yes,2,,0,0,0
J784,12419,AUS_MEL_12419,pending,pending,3.2486374078091997,147.6653367,22,degraded,-37.77645,145.02882,2014-2015,Australian Museum,19.7937,NA,Melbourne,Melbourne,No,No,2,,0,0,0
J785,M0256,SA_3567_M0256,pending,pending,2.537859993,115.3572724,22,NA,-26.16666667,28.03333333,1982,ROM,21.5671,NA,South Africa,South_Africa,No,No,2,,0,0,0
J786,M0257,SA_3568_M0257,pending,pending,1.696694475,77.12247612,22,NA,-26.16666667,28.03333333,1982,ROM,20.7716,NA,South Africa,South_Africa,No,No,2,,0,0,0
J787,M0258,SA_3569_M0258,pending,pending,1.1109853705719999,50.49933503,22,NA,-26.16666667,28.03333333,1982,ROM,21.5878,NA,South Africa,South_Africa,No,No,2,,0,0,0
J788,M0259,SA_3570_M0259,pending,pending,3.153572724,143.3442147,22,NA,-26.16666667,28.03333333,1982,ROM,20.7414,NA,South Africa,South_Africa,No,No,2,,0,0,0
J789,M0260,SA_3571_M0260,pending,pending,5.998171925987999,272.6441785,22,NA,-26.16666667,28.03333333,1982,ROM,21.0014,NA,South Africa,South_Africa,No,No,2,,0,0,0
J790,M0261,SA_3572_M0261,pending,pending,4.850107605,220.4594366,22,NA,-26.16666667,28.03333333,1982,ROM,21.2651,NA,South Africa,South_Africa,No,No,2,,0,0,0
J791,M0262,SA_3573_M0262,pending,pending,1.34250272,61.02285093,22,NA,-26.16666667,28.03333333,1982,ROM,21.8899,NA,South Africa,South_Africa,No,No,2,,0,0,0
J792,M0265,SA_3576_M0265,pending,pending,2.422899287,110.1317858,22,NA,-26.16666667,28.03333333,1982,ROM,20.7582,NA,South Africa,South_Africa,No,No,2,,0,0,0
J793,M0199,FIJI_919_M0199,pending,pending,3.290663765,149.5756257,22,NA,-18.13333333,178.4166667,1983,ROM,21.4276,NA,Fiji,Fiji,No,No,2,,0,0,0
J794,M0200,FIJI_920_M0200,pending,pending,3.1392624833768004,142.6937492,22,NA,-18.13333333,178.4166667,1983,ROM,21.5246,NA,Fiji,Fiji,No,No,2,,0,0,0
J795,M0201,FIJI_921_M0201,pending,pending,1.7344118,78.83690001,22,NA,-18.13333333,178.4166667,1983,ROM,21.8951,NA,Fiji,Fiji,No,No,2,,0,0,0
J796,M0202,FIJI_922_M0202,pending,pending,4.172259703,189.6481683,22,NA,-18.13333333,178.4166667,1983,ROM,21.3163,NA,Fiji,Fiji,No,No,2,,0,0,0
J797,M0203,FIJI_923_M0203,PRJNA1054049,SAMN38881511,3.1632015475763997,143.7818885,22,NA,-18.13333333,178.4166667,1983,ROM,22.5247,NA,Fiji,Fiji,No,Yes,2,,0,0,0
J798,M0205,FIJI_926_M0205,pending,pending,2.237823721,101.7192601,22,NA,-18.13333333,178.4166667,1983,ROM,20.9414,NA,Fiji,Fiji,No,No,2,,0,0,0
J799,M0207,FIJI_928_M0207,pending,pending,1.333512272,60.61419417,22,NA,-18.13333333,178.4166667,1983,ROM,21.7967,NA,Fiji,Fiji,No,No,2,,0,0,0
J800,M0208,FIJI_929_M0208,pending,pending,1.607215572,73.05525329,22,NA,-18.13333333,178.4166667,1983,ROM,21.615,Outlier Fis values,Fiji,Fiji,Yes,No,NA,,NA,NA,NA
